{"cameraMode":{"drawMode":0,"name":"Shaded","section":"Shading Mode"},"sceneLighting":true,"audioPlay":false,"sceneViewState":{"m_AlwaysRefresh":false,"showFog":true,"showSkybox":true,"showFlares":true,"showImageEffects":true,"showParticleSystems":true,"showVisualEffectGraphs":true,"m_FxEnabled":true},"in2DMode":false,"pivot":{"x":-0.30550044775009158,"y":2.4664134979248049,"z":-5.1424407958984379},"rotation":{"x":-0.0041203186847269539,"y":0.9765166640281677,"z":-0.21458686888217927,"w":-0.01875084452331066},"size":7.821812152862549,"orthographic":false}